Page ID,Page Name,Disclaimer,Amount Spent (USD)
﻿114226275387369,RepublicEn,republicEn,≤100
167968013767335,Julie Oliver,JULIE OLIVER FOR CONGRESS,≤100
215281808519580,Random House,Penguin Random House LLC,≤100
50982313030,Food & Water Watch,Peter Langdon Thacher,≤100
104038122501,Mary's Place,MARY'S PLACE SEATTLE,≤100
157810487611661,Freethink,Freethink,≤100
135298176481584,Marine Corps Scholarship Foundation,Marine Corps Scholarship Foundation,≤100
188383074570800,Aquapparel,Aquapparel,≤100
112287913481898,Cindy Banyai for Florida Congressional District 19,FRIENDS OF CINDY BANYAI,≤100
504161563089343,BlackPAC,Black PAC,≤100
907919839243616,My Faith Votes,My Faith Votes,≤100
116103198461511,North Shore Animal League America,"NORTH SHORE ANIMAL LEAGUE AMERICA, INC.",≤100
296093157932840,The Fulcrum,Issue One,≤100
46093654473,National Republican Congressional Committee,NRCC,≤100
93199894980,Alachua Habitat for Humanity,ALACHUA HABITAT FOR HUMANITY INC,≤100
86711894400,National Write Your Congressman,National Write Your Congressman,≤100
100391988083233,Triggered Freedom Apparel,Triggered Freedom Apparel,≤100
100598451298741,Make It Legal Florida,Make It Legal Florida,≤100
12503116997,Dennis Prager,Salem Media,≤100
12784656483,Union Rescue Mission,Union Rescue Mission,≤100
110557636095218,Real Matt Locke,The Matt Locke Show,≤100
124155874263916,Participant Media,Participant Media,≤100
1447994318779650,AirMedCare Network,AIrMedCare Network,≤100
2049170775107862,Resistance By Design,Resistance By Design,≤100
2223151871134889,Trump45Merch,Thomas Charles Granack,≤100
100667714665946,Recon Jacks Apparel,Recon jacks apparel,≤100
28446275521,Military Officers Association of America (MOAA),Military Officers Association of America,≤100
7263476274,Mercy Corps,Mercy Corps,≤100
2309566456030859,Human Coalition Action,Human Coalition,≤100
343175436328856,CA Needs Energy Storage,California Alliance for Renewable Energy Solutions,≤100
1488803804538481,Mike Siegel for Congress - TX-10,MIKE SIEGEL FOR CONGRESS,≤100
655065784538368,PredictIt,"PredictIt - Prediction Markets. A project of Victoria University of Wellington, PredictIt has been established to facilitate research into the way markets forecast events.",≤100
265268336865693,Do Amore,Do Amore Limited Company,≤100
278490715553293,Martha McSally,MCSALLY FOR SENATE INC,≤100
575702826587091,The Habit Deck,The Habit Deck,≤100
2225580284361712,Tommy Tuberville,"TUBERVILLE FOR SENATE, INC.",≤100
113826593350277,Economic Left,Economic Left,≤100
32802178807,Homes For Our Troops,Homes For Our Troops,≤100
58051322414,Committee to Protect Journalists,Committee to Protect Journalists with Facebook Ad Credits,≤100
170582513587720,Liberty Through Wealth,Meghan Deanne Mercer,≤100
103197217821401,Donald J. Trump 2020,Trump Collections,≤100
59877921429,Lutheran Immigration and Refugee Service,"LUTHERAN IMMIGRATION AND REFUGEE SERVICE, INC.",≤100
228754857151053,House Majority PAC,House Majority PAC,≤100
142370046577999,Shahid Buttar for Congress,Shahid Buttar for Congress Committee,≤100
203330919857759,All On The Line,National Redistricting Action Fund,≤100
151757038879920,Alyse Galvin for Congress 2020,ALYSE FOR ALASKA,≤100
1425435377743310,Conversations with Bill Kristol,The Foundation for Constitutional Government,≤100
293370004139621,Team John Bolton,JOHN BOLTON SUPER PAC,≤100
11309713071,Gates Foundation,Bill & Melinda Gates Foundation,≤100
717115395103069,PrintedKicks,Printed Kicks,≤100
1438808983108348,BOLD PAC,CHC BOLD PAC,≤100
79279853233,Professional Photographers of America,"PROFESSIONAL PHOTOGRAPHERS OF AMERICA, INC.",≤100
196021640986783,Cristina Tzintzun Ramirez,CRISTINA FOR TEXAS,≤100
100242948013407,Parallel Products Green Energy Center,Parallel Products South Coast Green Energy Center,≤100
745304825534862,Steve Scalise,SCALISE FOR CONGRESS,≤100
6236054211,Brady,Brady Campaign to Prevent Gun Violence,≤100
273474675643,HealthCareWithoutHarm,HEALTH CARE WITHOUT HARM,≤100
113824995295707,Second Harvest Foodbank of Southern Wisconsin,Second Harvest Foodbank of Southern Wisconsin,≤100
253791814655400,Doug Collins,COLLINS FOR CONGRESS,≤100
345504286342057,Keeping America Great Again,RightWingGear.com,≤100
1553978148244954,Build With Strength,Build With Strength,≤100
101391906600,Live Action News,Live Action News,≤100
103520677807810,Bosisi Designs,.DEANA FRANCOISE CHENEY,≤100
153570224679284,City of New London,New London Economic Development,≤100
310122703010899,Imagine What I Need,Michael Dewain Hanlon,≤100
111991403621403,Men 4 Women’s Choice,Christopher Folmer,≤100
174009339411865,SmartNews,"SmartNews International, Inc.",≤100
109960873787334,Trumpclip,"Clip N Sip, LLC",≤100
170582513587720,Liberty Through Wealth,The Oxford Club,≤100
23996308754,Senate Conservatives,SENATE CONSERVATIVES FUND,≤100
1961490360828207,SEMA US,SEMA US,≤100
111393882812494,Amy McGrath,"AMY MCGRATH FOR SENATE, INC.",≤100
1092340954202973,Maya Rockeymoore-Cummings for Congress,Maya Rockeymoore-Cummings for Congress,≤100
289359554914740,We Have A Stake,The ANCOR Foundation,≤100
496696933682736,Jeff Merkley,JEFF MERKLEY FOR OREGON,≤100
26060837166,Point Loma Nazarene University,Point Loma Nazarene University,≤100
106714686034838,LiberalViewer,Allen Asch,≤100
473191156175163,EDF Action,Environmental Defense Action Fund,≤100
152264148166020,Moms Clean Air Force,Moms Clean Air Force,≤100
30914589895,The International Fellowship of Christians and Jews,"INTERNATIONAL FELLOWSHIP OF CHRISTIANS & JEWS, INC.",≤100
20876805343,March of Dimes,Anthony Freitas,≤100
852126105133242,Jerry Ford for Congress,Jerry Ford for Congress,≤100
197669827395385,Connected Commerce Council,Connected Commerce Council,≤100
100501598131634,Hotel and Motel Trafficking,X Social Media,≤100
66926603938,American Zionist Movement,"AMERICAN ZIONIST MOVEMENT, INC.",≤100
1308788582609604,Shirron for Circuit Judge,Shirron for Circuit Judge Campaign,≤100
6041057841,The Humane Society of the United States,"HUMANE SOCIETY OF THE UNITED STATES, THE",≤100
151235561684871,The Mama Bear Effect,mamabeareffect,≤100
1444558675791434,I Love My Job,BadBananas,≤100
174866249236469,Tulsi Gabbard,TULSI NOW,≤100
69983322463,Ted Cruz,TED CRUZ FOR SENATE,≤100
602714436529710,End Citizens United,END CITIZENS UNITED,≤100
30139072158,CARE,CARE,≤100
111833201704,Faith and Freedom Coalition,Faith & Freedom Coalition,≤100
104006944272732,Honest Arizona,Advancing AZ,≤100
500410440069924,Dan "Taxation Is Theft" Behrman for President 2020,COMMITTEE TO ELECT DAN TAXATION IS THEFT BEHRMAN,≤100
43287633515,Alliance for Climate Education,Alliance for Climate Education,≤100
684016825122195,Andy Thorburn for OC Board of Education,Andy Thorburn for Orange County Board of Education 2020,≤100
118227621359,Izaak Walton League of America,IZAAK WALTON LEAGUE OF AMERICA,≤100
198001351897,Wounded Warriors Family Support,WOUNDEDWARRIORS FAMILY SUPPORT INC,≤100
441889753286654,Cornwell For Congress - NY22,CORNWELL FOR CONGRESS,≤100
360303722260,Kathleen Williams for Montana,KATHLEEN WILLIAMS FOR MONTANA,≤100
107953199261156,ifaw,"INTERNATIONAL FUND FOR ANIMAL WELFARE, INC.",≤100
56349854459,Parkinson's Foundation,Parkinson's Foundation,≤100
322311444154,Ounce of Prevention Fund,OUNCE OF PREVENTION FUND,≤100
219224241438635,Compassion & Choices,COMPASSION & CHOICES,≤100
45393753416,Alliance Defending Freedom,Alliance Defending Freedom,≤100
1402827079932843,Low Income Relief,The Lighthouse Information Network LLC,≤100
174585105913598,Miyoko's,Miyoko's,≤100
1917715138510680,Follow Your Legend,Legend Bracelet,≤100
38897314734,The Trust for Public Land,"TRUST FOR PUBLIC LAND, THE",≤100
1852520761657982,4ocean,4ocean,≤100
2393452334263393,"Andom Ghebreghiorgis for Congress, NY-16",ANDOM FOR CONGRESS,≤100
156994304362574,American Bridge,AMERICAN BRIDGE 21ST CENTURY,≤100
110306340348651,Donna More for State's Attorney,More for State's Attorney,≤100
416707608450706,Tom Steyer,TOM STEYER 2020,194
8924408197,National Partnership for Women & Families,National Partnership for Women & Families,≤100
267180743723148,National Geographic Society,National Geographic Society,≤100
7145381235,American Jewish World Service - AJWS,"AMERICAN JEWISH WORLD SERVICE, INC.",≤100
7100914121,American Experience | PBS,WGBH EDUCATIONAL FOUNDATION,≤100
324119001078997,"Sanford Heisler Sharp, LLP","Sanford Heisler Sharp, LLP",≤100
497348647140658,Point Source Youth,Point Source Youth,≤100
115403471809909,Plastic Oceans,PLASTIC OCEANS INTERNATIONAL,≤100
192609620649,The University of Chicago,The University of Chicago,≤100
221364705166573,NUNYO & COMPANY,NUNYO & COMPANY,≤100
10252353761,Commonwealth Foundation,The Commonwealth Foundation,≤100
252814820267,HIAS,HIAS,≤100
830121337093232,National Democratic Training Committee,NATIONAL DEMOCRATIC TRAINING COMMITTEE PAC,≤100
197374340229,E2 - Environmental Entrepreneurs,E2 (Environmental Entrepreneurs),≤100
34521916336,Brent Bozell,MEDIA RESEARCH CENTER,≤100
788632858205691,Zero Waste Face,Zero Waste Face,≤100
109526232935380,Synthisophy,Synthisophy,≤100
1884107931849913,Republicans for the Rule of Law,Defending Democracy Together,≤100
14510925609,Free Press,Free Press,≤100
22219555276,Children's Defense Fund,CHILDRENS DEFENSE FUND (INC),≤100
304516656955161,Team Trump Fan Club,I Love My Freedom,≤100
45013872425,The Ripon Society,RIPON SOCIETY,≤100
245284549333866,ASMDSS,ASMDSS,≤100
1399926390134311,Nature's Generator,Huntkey USA Inc,≤100
1695950424027488,Andy Hallinan,Andrew Lawrence Hallinan,≤100
57846092173,American Bible Society,American Bible Society,≤100
35715544220,Stand.earth,STAND,≤100
1316308285142040,Planet Home,"Equilibrium Management, LLC",≤100
357704677979748,American Conservation Coalition - ACC,American Conservation Coalition,≤100
51949171587,Cross International,"CROSS INTERNATIONAL, INC.",≤100
171651620209487,Brady PAC,Brady Pac,≤100
111665350333939,Politicopathy,Bryce Everett Jones,≤100
348973409274904,Velvet Hamster,Velvet Hamster,≤100
11791104453,NRDC,Natural Resources Defense Council,≤100
102010211314386,Donald Trump 2020 Voters,I Love My Freedom,≤100
301228420816284,Teresa Leger Fernandez,TERESA FOR ALL,≤100
557113921291144,Learning Dynamics,4 Weeks To Read LLC,≤100
393733114026754,POWER 96.1,iHeartRadio,≤100
758857317850758,Urban Farm Academy,Brandon Edward Youst,≤100
142474049098533,Robert Reich,Inequality Media,≤100
105556394228711,Republican Authority,Republican Authority,≤100
2078647579047586,Project Pulso,Project Pulso,≤100
8532248414,Wounded Warrior Project,"WOUNDED WARRIOR PROJECT, INC.",≤100
8934429638,Planned Parenthood Action,Planned Parenthood Action Fund,≤100
675471506247724,Adair for Congress,ADAIR FOR CONGRESS,≤100
342887442508723,Convention of States,Convention of States Action,≤100
347136228807672,Sheriff Rand Henderson,Rand Henderson Campaign,≤100
123635384326141,National Council of Jewish Women (NCJW),NATIONAL COUNCIL OF JEWISH WOMEN INC,≤100
300748678230,Tennessee Department of Economic and Community Development,Tennessee Department of Economic and Community Development,≤100
159616034235,Walmart,WALMART INC.,≤100
399067003454888,Sudan Relief Fund,Sudan Relief Fund Inc,≤100
9364828262,Citizens Against Government Waste,CITIZENS AGAINST GOVERNMENT WASTE,≤100
683872625157265,Theresa Greenfield,THERESA GREENFIELD FOR IOWA,≤100
110749446963570,Courier,Courier Newsroom,≤100
580580475786931,Annie Oliva for State Senate,ANNIE OLIVA FOR SENATE 2020,≤100
107858693983382,The GOP Shop,The GOP Shop,≤100
1658135304460341,MANG,MANG,≤100
24481937944,Theodore Roosevelt Conservation Partnership,"THEODORE ROOSEVELT CONSERVATION PARTNERSHIP, INC",≤100
1025055787535714,A Case for Women,A Case for Women,≤100
819607471729183,Dr. Al Gross for US Senate,DR. AL GROSS FOR U.S. SENATE,≤100
163148530407080,Captain Mark Kelly,MARK KELLY FOR SENATE,≤100
183517831660100,Morning Consult,Morning Consult LLC,≤100
584011418669191,Dave's News & Views,David Edward Denomie,≤100
47710973068,Cooperative Action Network,National Rural Electric Cooperatives Association,≤100
18479402361,No Kid Hungry,No Kid Hungry,≤100
289213691238937,Thrasher Coffee,Thrasher Coffee Co.,≤100
96315553086,Crop Insurance Keeps America Growing,National Crop Insurance Services,≤100
294196590710262,FWD.us,FWD.us,≤100
110962293652494,Donald Trump Keep America Great 2020 Re-election,Excital,≤100
13649914583,Equality Now,"EQUALITY NOW, INC.",≤100
1482947308676311,Topdust,cleancult,≤100
100803741440860,Cool Yang Merch,GETYOUNGANDNOBLEGERBILBUCKS (GETYANGBUCKS),≤100
732035176881244,Catherine Falk Organization,Catherine Falk Organization,≤100
1667638686847579,The Collective PAC,THE COLLECTIVE PAC,≤100
28896772146,San Diego Zoo,ZOOLOGICAL SOCIETY OF SAN DIEGO,≤100
1402163209843649,Our.News,Our.News Holdings Inc.,≤100
892673067526965,Project War Path,Project War Path,≤100
131217580266597,National Council on Aging,"NATIONAL COUNCIL ON AGING, INC.",≤100
7341997111,Conservation International,Conservation International,≤100
152065518140304,Wildlife Conservation Society,WILDLIFE CONSERVATION SOCIETY,≤100
60865633726,Love Justice International,TINY HANDS INTERNATIONAL,≤100
117622166310266,Kathy Swan,Friends of Kathy Swan,≤100
355022521685775,"Hence, The Future Podcast",Matthew Mattimore Cronin,≤100
205795426669644,Facts and Logic about the Middle East,Facts and Logic About the Middle East,≤100
172758932738142,PhRMA,PHARMACEUTICAL RESEARCH AND MANUFACTURERS OF AMERICA,≤100
87375121041,International Women's Health Coalition,"INTERNATIONAL WOMEN'S HEALTH COALITION, INC.",≤100
123500462249,Oregon Food Bank,"OREGON FOOD BANK, INC.",≤100
136211573758668,State Representative Steve Allison,Steve Allison,≤100
332605586940533,American Hero Tees,bearclaw capital llc,≤100
2386704041588414,The Texan,The Texan,≤100
380243416105600,Geanie Morrison,Geanie Morrison Campaign,≤100
2177005695867568,Minnesota Ag-Energy Alliance,Minnesota AG Energy Alliance,≤100
105953890782784,The Factual,Jacob Aaron Soroka,≤100
17432811417,Working Families Party,Working Families Party National Political Action Committee,≤100
100401327980848,National Parents Union,National Parents Union,≤100
950998258312654,Knowhere,"Knowhere, Inc.",≤100
7090829369,Peter DeFazio,DEFAZIO FOR CONGRESS,≤100
324199748356197,On Point Facts,Roger Allen Beck,≤100
181183059253295,Dorsal Bracelets,Dorsal Bracelets,≤100
165987503528599,Lindsey Graham,"TEAM GRAHAM, INC.",≤100
165014546858456,Free To Choose Network,FREE TO CHOOSE,≤100
13063797831,Ben Ray Luján,PEOPLE FOR BEN,≤100
681626158940626,Mission Roll Call,Americas Warrior Partnership,≤100
355223168416491,Alex Morse for Congress,ALEX MORSE FOR CONGRESS,≤100
20787991568,Senate Democrats,DSCC,≤100
19420215926,CNSNews.com,MEDIA RESEARCH CENTER,≤100
20876805343,March of Dimes,MARCH OF DIMES INC.,≤100
59687083274,UCSB Arts & Lectures,UCSB Arts & Lectures,≤100
530604487365010,Old Glory Flagpole Kits,Service First Flag Poles,≤100
191210710930194,Susan Talamantes Eggman for State Senate,Susan Eggman for State Senate,≤100
112343553514636,Learn More,Brittney Diane Prieto,≤100
124738180800,Blood:Water,Blood:Water,≤100
1018914308173454,FStop Foundation,"FSTOP FOUNDATION INC, THE",≤100
21492729544,Catholic Relief Services,CATHOLIC RELIEF SERVICES - UNITED STATES CONFERENCE OF CATHOLIC BISHOPS,≤100
6502038524,First Book,FIRST BOOK,≤100
86134975779,Coast Guard Foundation,Coast Guard Foundation INC.,≤100
2283535575207809,Ditch Mitch,DITCH FUND,≤100
111293193691611,Shop Trump 2020,Iminder P Singh,≤100
25055115099,Intuit,INTUIT INC.,≤100
1552070021731538,Be Conscious. Be Kind.,Be Conscious. Be Kind.™️,≤100
63033351608,Labtekwon,Ankh Ba Records and Nilewater Multimedia,≤100
1849483715167852,Firefly Engagement,"Firefly Engagement Services, Inc.",≤100
755175814541555,Law Office of Fernando Dubove - Immigration Attorney in Dallas,Law Office of Fernando Dubove,≤100
316622191804157,UTK,Wendell Nelson,≤100
276702939702491,Santa Barbara for Safe & Local Transport,Santa Barbara for Safe and Local Transport,≤100
2332887206961207,Panfish Solar,Apex Clean Energy,≤100
169204449790211,Conservative News Today,"BizPac Review, Inc.",≤100
605168822998856,314 Action,314 ACTION FUND,≤100
279846350948,St. Labre Indian School,St. Labre Indian School,≤100
248181906078243,National Institute for Civil Discourse,CommonSense American,≤100
110019893736048,Grandpas Against Trump,Richard Carlton Carlton Daley,≤100
1336293769761923,Jon Ossoff,JON OSSOFF FOR SENATE,≤100
113351505349955,The Christian Broadcasting Network,"CHRISTIAN BROADCASTING NETWORK INC, THE",≤100
168876449866088,The Years Project,The Years Project,≤100
115142449914066,Reporter's Journal,Shakyra Avantee Mccutchen,≤100
1312233132124789,Millennial Policy Center,LIBERTY DAY,≤100
185650221903810,Ralph Norman for Congress,RALPH NORMAN FOR CONGRESS,≤100
2109637279297531,The Bad Seed,Adam Elia Kidron,≤100
134452023239984,Human Coalition,Human Coalition,≤100
2330577043935831,Sara Gideon,SARA GIDEON FOR MAINE,≤100
383877235817031,Keep America Great,Keep America Great,≤100
2311489605552071,Customers Who Care,Customers Who Care,≤100
199657493971420,Curated by Facebook,Steven Matthew Garcia,≤100
93228695778,Tea Party Patriots,Tea Party Patriots,≤100
14038292386,Women for Women International,WOMEN FOR WOMEN INTERNATIONAL,≤100
1166660030079480,National Democratic Redistricting Committee,National Democratic Redistricting Committee,≤100
107228297373435,Endangered Species,Kunimichi Michael Takahashi,≤100
101401179944527,Mona Foundation,MONA FOUNDATION,≤100
73970658023,International Rescue Committee,International Rescue Committee,≤100
665345483483486,NRA - National Rifle Association of America,NATIONAL RIFLE ASSN OF AMERICA,≤100
151219948249164,Florida Center for Investigative Reporting,Florida Center for Investigative Reporting,≤100
587681288088728,Adam Brandon,"FREEDOMWORKS, INC.",≤100
88910615677,Arizona Game & Fish Department,Arizona Game and Fish,≤100
1640213549563333,Ballot America,Lenox Augustine Ramsey Jr,≤100
114710126648118,Republican Dogs,Republican Dogs,≤100
522923054735947,Troy Balderson for Congress,BALDERSON FOR CONGRESS,≤100
290548664672,First Liberty,First Liberty Institute,≤100
328072970642479,Jaime Harrison,JAIME HARRISON FOR US SENATE,≤100
334748476594191,Rodney Davis,Rodney for Congress,≤100
169042736456594,All Out,"All Out Action Fund, Inc.",≤100
88444849127,The Hunger Project,"GLOBAL HUNGER PROJECT INCORPORATED, THE",≤100
384006901653736,The Moore Charitable Foundation,Moore Charitable Foundation,≤100
341534259844023,Marco Serna,Marco for Congress,≤100
219242560293,Meals on Wheels America,Meals on Wheels America,≤100
372439495935,Mel Trotter Ministries,MEL TROTTER MINISTRIES,≤100
802271849850801,Freedom for All Americans,Freedom for All Americans,≤100
47712360678,Jobs With Justice,Jobs With Justice,≤100
112336662127446,Campbell County Health,Felicia Jane Messimer,≤100
834645469890446,Devin Nunes,DEVIN NUNES CAMPAIGN COMMITTEE,≤100
15239367801,The Wilderness Society,"WILDERNESS SOCIETY, THE",≤100
1849556888601707,Nasty Women Writers,Theresa Carmen Dintino,≤100
698400060189827,Dan Sullivan,Alaskans for Sullivan,≤100
15041226930,Oxfam,"OXFAM AMERICA, INC.",≤100
193618220508,LIFE Today,LIFE Outreach International,≤100
329286557095658,Joyce Beatty for Congress,Beatty for Congress,≤100
6240652407,Young America's Foundation,YOUNG AMERICA'S FOUNDATION INC,≤100
1497851363851721,QLMS,Quicken Loans Mortgage Services,≤100
69039563201,Open Doors USA,"OPEN DOORS WITH BROTHER ANDREW, INC.",≤100
107437303970810,Painted Presidents,"WOW Printing, LLC dba Painted Presidents",≤100
244019182738693,Wilmot Collins for Senate,A WHOLE LOT OF FOLKS FOR WILMOT COLLINS,≤100
108049693995845,Rep Republicans,Rep Republican,≤100
64206021703,National Committee to Preserve Social Security and Medicare,NATIONAL COMMITTE TO PRESERVE SOCIAL SECURITY AND MEDICARE,≤100
6162159887,The World,The World,≤100
95356211637,Ben Ferguson,Ben Ferguson show,≤100
197760674021143,Indivisible Guide,INDIVISIBLE ACTION,≤100
1449073545419430,The Lone Liberal Republican,Arthur Winter,≤100
317667194946264,Ro Khanna,RO FOR CONGRESS INC,≤100
107488974083876,The Case for Democratic Socialism,Peter Shaw,≤100
175034712516314,WaterAid America,WaterAid America,≤100
28394917492,Second Harvest Food Bank of Central Florida,"SECOND HARVEST FOOD BANK OF CENTRAL FLORIDA, INC.",≤100
178051136001622,Representative Trey Hollingsworth,Office of Representative Trey Hollingsworth (IN-09),≤100
1383869268500535,Medicare World,Medicare World,≤100
237477017606,Club for Growth,Club for Growth,≤100
1050474972008396,Bryan Berghoef for Congress,BRYAN BERGHOEF FOR CONGRESS,≤100
245813499226836,Favorable Disability Advocates,Favorable Disability Advocates,≤100
141213311189,Student Veterans of America,Student Veterans of America,≤100
103507411123766,Splentify,Splentify,≤100
102413723172970,Nick Adams,Nick Adams,≤100
305832706292882,American Gun Association,GunAssociation.org,≤100
1692868424300466,"Socktopus, Ink",Socktopus Ink,≤100
357750373755,National Domestic Workers Alliance,National Domestic Workers Alliance,≤100
156968474833352,Stop Republicans,Stop Republicans,≤100
19192438096,AAAS - The American Association for the Advancement of Science,American Association for the Advancement of Science,≤100
321250352104571,Valerie Plame,VALERIE PLAME FOR CONGRESS,≤100
154471447959196,Institute for Veterans and Military Families - IVMF,Institute for Veterans and Military Families,≤100
488126221334500,West Whiteland Democrats,Emmanuel Fourakis,≤100
1691667177798461,Brut,Brut,≤100
120559304621142,Wyoming Outdoor Council,"WYOMING OUTDOOR COUNCIL, INC.",≤100
185696964396,The Nature Conservancy in WA,Nature Conservancy,≤100
96159580682,Maine Democratic Party,MAINE DEMOCRATIC PARTY,≤100
262173980908600,LTMshop,LTMShop,≤100
134493793251284,Delegate Dr. Jay Jalisi for Congress,"DR JAY FOR CONGRESS, INC.",≤100
69757414569,Vanessa Behan,VANESSA BEHAN CRISIS NURSERY,≤100
100577113613446,Rock Your Bathroom,SK LANG Products,≤100
433364950062784,Power Over Energy,Power Over Energy,≤100
269719197271294,Accountable.US,Accountable.US,≤100
15351475322,Cathy McMorris Rodgers,Cathy McMorris Rodgers for Congress,≤100
103040404516756,Opulent Attire,StreetsMart,≤100
541807025833154,Malala Fund,Malala Fund,≤100
726308184419500,Institute for a Safer Florida,Institute for a Safer Florida,≤100
114710126648118,Republican Dogs,Trump Collars,≤100
300341323465160,The Daily Signal,HERITAGE FOUNDATION (THE),≤100
146704311893,Montana Food Bank Network,Montana Food Bank Network Inc.,≤100
215689771967950,Plastic Tides,"Plastic Tides, Inc.",≤100
203805062990264,Ben Shapiro,The Daily Wire,≤100
1721333671443168,Majority Forward,MAJORITY FORWARD,≤100
2584186891809661,Dr. John Kruse,"Wasabi Publicity, Inc.",≤100
1441704426074372,Douglas Taurel,The American Soldier,≤100
342294162453301,Planned Parenthood,Planned Parenthood Federation of America,≤100
49978948774,Newsy,Newsy,≤100
7192716362,Amnesty International USA,Amnesty International USA,≤100
459890014763287,Rocky Mountain Values,Rocky Mountain Values,≤100
311896169406139,Trump 2020 Wear,Trump 2020 Wear,≤100
153821188020991,Park Avenue Christian Church,Park Avenue Christian Church,≤100
2045861689064609,Providing Hope Va,PROVIDING HOPE VA,≤100
108906707265489,USA Pooch,"PRESIDENTIAL POOCH, INC",≤100
1825495131075739,Amazon Frontlines,Alexander Merrim Goff,≤100
25254987383,Joyce Meyer Ministries,"JOYCE MEYER MINISTRIES, INC.",≤100
14851158643,Southern Utah Wilderness Alliance,SOUTHERN UTAH WILDERNESS ALLIANCE,≤100
10524821940,National Park Foundation,National Park Foundation,≤100
1892187271040911,FreedomWorks Foundation,FreedomWorks Foundation,≤100
710669049286394,Woo the People,Khosro David Illulian,≤100
105278394175506,Stephanie for New Jersey,Stephanie For New Jersey,≤100
101987144592086,Stollings for West Virginia,Stollings for West Virginia,≤100
194435118159082,GreenBee Sustainable Products,GreenBee Sustainable Products,≤100
115364585711,Lawyers' Committee for Civil Rights Under Law,LAWYERS' COMMITTEE FOR CIVIL RIGHTS UNDER LAW,≤100
279256605891946,CalmEffect,"Balance Marketing Group, LLC",≤100
219842411373576,Faith Mission,Lutheran Social Services of Central Ohio,≤100
302718150248207,Wyoming Rural Electric Association,Wyoming Rural Electric Association,≤100
555787351119974,Coalition to Protect America's Health Care,Coalition to Protect America's Health Care,≤100
799539910084929,Shaun King,The Action PAC,≤100
372701716170134,Sold No More,Samantha C Byard,≤100
70090474914,American Farmland Trust,"AMERICAN FARMLAND TRUST, INC",≤100
64064370581,North Texas Food Bank,North Texas Food Bank,≤100
392516956004,The Carter Center,The Carter Center,≤100
178602115837123,David Trone,"DAVID TRONE FOR CONGRESS, INC",≤100
505653766599222,America First with Dr. Sebastian Gorka,Salem Media,≤100
137569740231452,Respect The Look,Respect The Look,≤100
5435784683,Greenpeace USA,"GREENPEACE, INC.",≤100
764284030332485,Abortion Access Front,Abortion Access Front,≤100
122174836956,Big Cat Rescue,BIG CAT RESCUE CORP.,≤100
1637823176332591,Ecocred,Branislav Seslija,≤100
88224465289,Dropps,"Dropps (Cot'n Wash, Inc.)",≤100
493811210669780,Creative Action Network,Creative Action Network,≤100
263210730984251,We Are Great Again Pac,WE ARE GREAT AGAIN PAC,≤100
2352630938293825,Mytacticalpromos,Entremax,≤100
404929222888251,Conservation Colorado,Conservation Colorado,≤100
965451360264888,Brian Burley for Congress,BRIAN BURLEY FOR CONGRESS,≤100
114066205306277,Franciscan Friars of the Atonement,Franciscan Friars of the Atonement,≤100
329272720965256,GALvanize USA,GALvanize USA,≤100
286487148036558,NEAVS,NEW ENGLAND ANTI VIVISECTION SOCIETY,≤100
30618466815,Pacific Legal Foundation,Pacific Legal Foundation,≤100
514442968569467,Northern Illinois Food Bank,NORTHERN ILLINOIS FOOD BANK,≤100
104599691003943,Cenk Uygur for Congress,Cenk for Congress,≤100
108519723832934,RAFT,Alexandra Marie Duany Saavedra,≤100
190062194353228,Wycliffe Associates,"WYCLIFFE ASSOCIATES, INC.",≤100
431305933899331,First Amendment Free Press inc.,Leonard Paul Marshall,≤100
999775873528189,Stopping Socialism,Justin Trask Haskins,≤100
184373328845372,Gigi Raffe,Gigi Raffe,≤100
1507689979455306,American Bail Coalition,American Bail Coalition,≤100
7976226799,The Daily Show,Comedy Central,≤100
1392215517462479,Lingua Franca,These ads ran without a disclaimer,≤100
1282203485282121,Patriot Strong,Patriot Strong,≤100
102946544466689,No MO Slots,"No MO Slots, LLC",≤100
1858795821008664,Warrior 12,Warrior 12,≤100
555394394483002,Urban Resource Institute,Urban Resource Institute,≤100
129240690441636,NAACP Legal Defense Fund,"N. A. A. C. P. LEGAL DEFENSE AND EDUCATIONAL FUND, INC.",≤100
104103700998973,ForbiddenWears,ForbiddenWears,≤100
186932688457686,CHNGE,CHNGE,≤100
1711465445765878,Nancy Pelosi,NANCY PELOSI FOR CONGRESS,≤100
143986912311328,University of Vermont Continuing and Distance Education,University of Vermont,≤100
110177119192569,Knightscope,William Li,≤100
8002590959,Rainforest Action Network,RAINFOREST ACTION NETWORK,≤100
128167457221813,Public Transportation,Voices for Public Transit,≤100
161108570702119,Apologia Studios,Jeffrey Wayne Durbin,≤100
25998443394,MedPage Today,"EVERYDAY HEALTH, INC.",≤100
420785874975425,Conservative Institute,The Conservative Institute,≤100
2062802910474026,Global Optimism,Clay Michael Carnill,≤100
77903485992,Concerned Women For America LAC,CONCERNED WOMAN FOR AMERICA LEGISLATIVE ACTION COMMITTEE,≤100
143173285763,Tenth Amendment Center,Tenth Amendment Center,≤100
7219151423,The Fund for American Studies (TFAS),The Fund for American Studies,≤100
582675068550931,"The AWARE Foundation, Inc.","The AWARE Foundation, Inc.",≤100
106377664094248,Rob Herrmann for Ward 2,Robert Joseph Herrmann,≤100
1419388578092947,Anna Paulina Luna,ANNA PAULINA LUNA FOR CONGRESS,≤100
183002305543,Tearfund USA,Tearfund USA,≤100
621819117994495,24/7 Injury Attorney Network,Toro Media LLC,≤100
628773943837250,Task & Purpose,Task and Purpose,≤100
34370387440,JDRF,JDRF INTERNATIONAL,≤100
513144069179059,Parents for Public Charter Schools,Parents For Public Charter Schools,≤100
8895898655,Rainforest Alliance,"RAINFOREST ALLIANCE, INC.",≤100
23790541544,Democrats,DCCC,≤100
83328144177,Operation Broken Silence,Operation Broken Silence,≤100
98912141410,American Forests,AMERICAN FORESTS,≤100
2077991338990237,USA 45,USA45,≤100
101018071405012,Benefits USA,Brooklyn Kathleen Foster,≤100
877489392359717,For Our Future Ohio,FOR OUR FUTURE,≤100
16900111951,National Organization for Women (NOW),NATIONAL ORGANIZATION FOR WOMEN,≤100
1824165801199201,The Fight Against Antimicrobial Resistance,"Paradigm Solutions, LLC",≤100
6204742571,Sierra Club,SIERRA CLUB,≤100
1945237355733646,Giving Brush,Giving Brush LLC,≤100
21834534343,Volunteers of America,"VOLUNTEERS OF AMERICA, INC.",≤100
309993142375589,Joe Kennedy III,KENNEDY FOR MASSACHUSETTS,≤100
8057376739,The Nature Conservancy,Nature Conservancy,≤100
129914120385683,Families USA,Families USA,≤100
80865461794,Public Service Company of Oklahoma (PSO),Whitney Shawn Emerick,≤100
1837115116571746,Topic,"First Look Productions, Inc",≤100
130912793621553,Food Bank For New York City,Food Bank For New York City,≤100
102047517918,The Commonwealth Fund,"COMMONWEALTH FUND, THE",≤100
1424938841083415,Patrick M Simpson - Voting Songs,Voting Songs,≤100
19891061755,Dropbox,These ads ran without a disclaimer,≤100
1452551204988299,GoReact,Speakworks Inc,≤100
197222327029577,Patriot Planet,Breaking News Alerts,≤100
602040603170590,Americans for Food and Beverage Choice,Americans for Food and Beverage Choice,≤100
2322760638043788,Silver State Foundry,Thunderbird Media Group,≤100
133764907211570,Concerned Citizen,Steven Niems,≤100
7209432197,Chris Coons,CHRIS COONS FOR DELAWARE,≤100
925007000949719,ExxonMobil,Exxon Mobil Corporation,180
344690446467832,The Copper Courier,Courier Newsroom,≤100
11131463701,truth,TRUTH INITIATIVE FOUNDATION,≤100
6851405967,CREDO Mobile,"CREDO MOBILE, INC.",≤100
151883078314516,NationSwell,NationSwell,≤100
15687409793,World Wildlife Fund,World Wildlife Fund,≤100
336470580233523,Pins and Aces Golf Co.,US Craft Brands LLC,≤100
292351509697,Jerusalem Prayer Team,Jerusalem Prayer Team,≤100
467804929927622,Jason Smith,JASON SMITH FOR CONGRESS,≤100
6334782252,Oceana,Oceana,≤100
392090254579689,The Nazarene Fund,The Nazarene Fund,≤100
105936053461,1776 Coalition,"ALLIANCE STRATEGIES GROUP, INC.",≤100
207549645977714,Families Belong Together,Families Belong Together,≤100
101248604720303,Land Betterment,These ads ran without a disclaimer,≤100
125937197447634,ACTA - American Council of Trustees and Alumni,AMERICAN COUNCIL OF TRUSTEES AND ALUMNI,≤100
662962894077729,The Well News,The Well News,≤100
179773505382352,Committee on House Administration Republicans,official funds from the Committee on House Administration,≤100
27544763621,Prison Fellowship,Prison Fellowship,≤100
38471053686,Elizabeth Warren,"WARREN FOR PRESIDENT, INC.",≤100
103221163140989,Pet Partners,Pet Partners,≤100
1475056949212605,Charity Mobile,Charity Mobile,≤100
104135540994022,Make Them Cry Again,Make Them Cry Again,≤100
19746387261,Humane Society International,Humane Society International,≤100
940653386126953,Standingwithyou.org,Amanda Lord,≤100
589787637733608,Scherie S. Murray,SCHERIE MURRAY FOR CONGRESS,≤100
101087851352653,ABT 2020: Anyone But Trump,Stuart Craig Snyder,≤100
81517275796,UNICEF USA,UNITED STATES FUND FOR UNICEF,≤100
237804206990,Central California Food Bank,Central California Food Bank,≤100
355913551109735,The Andrew Goodman Foundation,The Andrew Goodman Foundation,≤100
709491732434343,שורת הדין - Shurat HaDin,Karen Almog,≤100
106136417435051,Iwantmyoceanback,Iwantmyoceanback,≤100
317917411935913,March for Science,March For Science,≤100
467503009987109,"Healthy Forests, Healthy Communities","Healthy Forests, Healthy Communities",≤100
327202261326682,Stephanie Bice,Bice for Congress,≤100
2246231565610889,4D Politics,Jordan Thomas Powell,≤100
1447452422172945,Cannabis Business Times,Clark Alain Quick,≤100
143152622368089,San Diego Zoo Safari Park,ZOOLOGICAL SOCIETY OF SAN DIEGO,≤100
29770886815,Marijuana Policy Project,Marijuana Policy Project Foundation,≤100
345378512258813,Elise Stefanik,ELISE FOR CONGRESS,≤100
300992409852,Hoover Institution,Hoover Institution,≤100
278520456304986,Majority Committee PAC,John Florio,≤100
257019421075897,Cory Gardner,Cory Gardner for Senate,≤100
110383730397267,Carbon Bot,"Rasa Technologies, Inc.",≤100
240425642652222,South Florida Wildlands Association,South Florida Wildlands Association,≤100
1520483958208446,Seeger Weiss LLP,SEEGER WEISS LLP,≤100
103156981159122,Beyond Patriots,Beyond Patriots LLC,≤100
747436915270894,Congressional Leadership Fund,CONGRESSIONAL LEADERSHIP FUND,≤100
11918108948,African Wildlife Foundation,AFRICAN WILDLIFE FOUNDATION,≤100
1439364926329185,Animal Matters,Animal Matters,≤100﻿51052893175,Kevin McCarthy,Leader Kevin McCarthy,≤100
108512875350,The Atlas Society,The Atlas Society,≤100
124955570892789,Bernie Sanders,BERNIE 2020,≤100
101984764551026,Hope Town United,Hopetown United,≤100
56129410661,Justice Policy Institute,SARAH RACHEL ROSE-STERN,≤100
641029316328108,Keny Chang for LaVerne City Council 2020,Keny Chang for LaVerne City Council 2020,≤100
374108446391390,Ted Howze for Congress,TED HOWZE FOR CONGRESS 2020,≤100
360424321432255,Doha Debates,These ads ran without a disclaimer,≤100
369214063089791,Lummis for Wyoming,LUMMIS FOR WYOMING INC.,164
170591064699,Southern Poverty Law Center,"SOUTHERN POVERTY LAW CENTER, INC., THE",≤100
463095630924391,US Business Funding,Credox,≤100
402120963932260,Counterpoint,Counterpoint,≤100
19010003406,Elisabeth Haub School of Law at Pace University,Pace University Law School,≤100
102617961152741,Barbara Bollier,Bollier for Kansas,≤100
21999960184,Operation Blessing,OPERATION BLESSING INTERNATIONAL RELIEF AND DEVELOPMENT CORPORATION,≤100
5720973755,Defenders of Wildlife,DEFENDERS OF WILDLIFE,≤100
1664959567149320,Wholesome Culture,Wholesome Culture,≤100
7735858972,Humane Society Legislative Fund,Humane Society Legislative Fund,≤100
101617224555221,Nancy Pelosi Elects Democrats,PAC TO THE FUTURE,≤100
780941275347834,Ilhan Omar,ILHAN FOR CONGRESS,≤100
169294473121454,Policetees.com,PoliceTees.com,≤100
738298126313472,John Thomas Political Strategist,The Thomas Guide Show,≤100
21559454473,FAIR,FEDERATION FOR AMERICAN IMMIGRATION REFORM,≤100
212710169546965,Make America Great Again 2020,National Patriot Association,≤100
317157555861204,Kirkendall Dwyer Law Firm,Lymphoma Law,≤100
102085474606335,100% Iowa,IOWA ENVIRONMENTAL COUNCIL,≤100
1023516414456183,Drain the DC Swamp PAC,DRAIN THE DC SWAMP PAC,≤100
80562389320,NARAL Pro-Choice America,NARAL Pro-Choice America,≤100
394817334402124,2020 Trump Bill,Innovative Ecomm LLC,≤100
121169024623329,"Ho-Chunk, Inc.","Ho-Chunk, Inc.",≤100
607756062649744,The Syria Campaign,The Syria Campaign,≤100
614134231980299,Veterans Empowered To Protect African Wildlife,VETPAW INC,≤100
67945990059,The American Petroleum Institute,AMERICAN PETROLEUM INSTITUTE,≤100
16223832249,RAINN,"RAPE, ABUSE AND INCEST NATIONAL NETWORK (RAINN)",≤100
202281636466702,Unseen,Unseen,≤100
502969216761221,Common Sense Civics and Citizenship,Candace Donnelly,≤100
129255907131113,NumbersUSA,NUMBERSUSA EDUCATION AND RESEARCH FOUNDATION,≤100
291260461373618,News and News,News and News,≤100
548407915183371,Liz Cheney,Liz Cheney for Wyoming,≤100
332717716852626,Andrew Warren,Andrew Warren for State Attorney,≤100
5633824547,FreedomWorks,"FREEDOMWORKS, INC.",≤100
766619180022147,Senator John Cooper,Cooper for Senate,≤100
15779440092,National Review,"NATIONAL REVIEW, INC.",≤100
151525932186806,When Democrats Turn Out,WHEN DEMOCRATS TURN OUT PAC,≤100
450266702087208,Climate Facts,The Years Project,≤100
440551812676698,Open The Books,American Transparency,≤100
79544250303,Animal Haven,Animal Haven,≤100
104113087669604,Opportunity Arizona,Opportunity Arizona,≤100
191195674423572,Great Plains Tribal Chairmen's Health Board,GREAT PLAINS TRIBAL CHAIRMEN'S HEALTH BOARD,≤100
121388362246,Goldman Sachs,Goldman Sachs & Co.,≤100
1777642505813951,Harry J Houck,Harry J Houck,≤100
23875187730,Feeding America,Feeding America,≤100
19889237539,ISRAEL21c,ISRAEL21C,≤100
309308412520731,Sandy Hook Promise,Sandy Hook Promise,≤100
24302792343,UUSC: Unitarian Universalist Service Committee,UNITARIAN UNIVERSALIST SERV  COMMIT,≤100
247432468622391,Washington State Democratic Party,WASHINGTON STATE DEMOCRATIC CENTRAL COMMITTEE,≤100
333081284065216,Brynne Kennedy for Congress,BRYNNE KENNEDY FOR CONGRESS,≤100
560140464159364,Stand for the 2nd Amendment,SFT2 Tactical Supply,≤100
110061623807565,Kelly Loeffler,Georgians for Kelly,≤100
356501381631264,Jerusalem Post,Diane Elise Haner,≤100
304600892905134,Hillsdale College Online Courses,HILLSDALE COLLEGE,≤100
118379493631,Episcopal Relief & Development,EPISCOPAL RELIEF AND DEVELOPMENT,≤100
33110852384,Doctors Without Borders/ Médecins Sans Frontières (MSF),Doctors Without Borders/Médecins Sans Frontières (MSF),≤100
7833534974,Florida Democratic Party,Florida Democratic Party,≤100
114273963301012,Political,Info-Political.com,≤100
187515796665,Ranch Hand Rescue,Landon Chandler Dickeson,≤100
121626482110,Operation Smile,"OPERATION SMILE, INC.",≤100
158791100909689,Concerned Veterans for America,Concerned Veterans for America,≤100
116534199732974,USA Carry Online,USA Carry Online,≤100
90527934565,Global Energy Institute,The U.S. Chamber of Commerce,≤100
562149327457702,Andrew Yang for President 2020,FRIENDS OF ANDREW YANG,≤100
1145019702185006,Alliance for Safety and Justice,Alliance for Safety and Justice,≤100
106559767516191,My Online Cert,These ads ran without a disclaimer,≤100
222834814437802,Self-Help Center,"SELF HELP CENTER, INC",≤100
7860876103,Joe Biden,BIDEN FOR PRESIDENT,≤100
1338822066131069,Women's March,Women's March,≤100
372082579523719,Rabbi Dr. Shmuly Yanklowitz,Rabbi Dr. Shmuly Yanklowitz,≤100
6333396177,NewsBusters.org,MEDIA RESEARCH CENTER,≤100
28557150476,DonorsChoose,DONORSCHOOSE.ORG,≤100
175149559508478,TreeDiaper,Zynnovation LLC,≤100
312870062895448,StateThugs,StateThugs.com,≤100
280267791996700,Conservative Victory Fund,CONSERVATIVE VICTORY FUND,≤100
345751305447288,Daugherty Water for Food Global Institute,Daugherty Water for Food Global Institute,≤100
237788366660686,Tax March,Tax March,≤100
287851571868335,James for Colorado,JAMES FOR COLORADO,≤100
106364329441748,Margaret W. Wong & Associates,"WONG, MARGARET W & ASSOCIATES CO LPA (INC)",≤100
155539811133613,Clearity Foundation,"WHAT IF?, INC.",≤100
352527958302,Israel on Campus Coalition,Israel on Campus Coalition,≤100
2036389409806378,Backpage's Role in Prostitution and Trafficking,X Social Media LLC,≤100
113662872001148,President Trump Fans,President Trump Fan Page,≤100
277443916145253,Stop Sign Ticket Defense,Gregory Monte,≤100
132492254050920,American AF,AAF Nation,≤100
574323562632591,Luz para Venezuela - Luz para las Americas,Edith Dume Lerner,≤100
689313484832877,Introducing: R.J. Atkins,Rickey Dwayne Atkins,≤100
243510442756370,Justice Democrats,JUSTICE DEMOCRATS PAC,≤100
654702428226892,Stop the Corridor,Stop the Corridor,≤100
316796525351760,ARC media,ARC Media,≤100
261333864753713,Jack Brooks Foundation,Jack Brooks Foundation,≤100
686280825079327,Citizens for a Secure and Safe America,Citizens for A Secure and Safe America Non Profit Corporation,≤100
999556810102061,Signature Seas,Signature Seas,≤100
260713150211,Protect Our Winters,PROTECT OUR WINTERS,≤100
7642602143,Mother Jones,FOUNDATION FOR NATIONAL PROGRESS,≤100
108971449133,Fisher House Foundation,"FISHER HOUSE FOUNDATION, INC.",≤100
289446947817747,Global Citizen,"GLOBAL POVERTY PROJECT, INC.",≤100
133649613319094,A CALL TO MEN,A CALL TO MEN,≤100
129624603725463,America's Future Foundation,America's Future Foundation,≤100
1543830612580575,Beesponsible,Beesponsible,≤100
127225910653607,PragerU,PragerU,≤100
17203056985,Partners In Health,Partners In Health,≤100
1005599569633367,Total Clarity,DIAMOND PRODUCERS ASSOCIATION,≤100
113975140049132,Wayne Reid,Wayne A Reid,≤100
1789761207836440,Save the Glass,End of Waste Foundation,≤100
2377166239179411,Nancy Goroff for Congress,Goroff for Congress,≤100
367854770014260,Krishna Bansal for US Congress,KRISHNA FOR CONGRESS,≤100
67626834312,National Women's Law Center,National Women's Law Center,≤100
165566613453452,ERLC,ETHICS AND RELIGIOUS LIBERTY COMMISSION OF THE SOUTHERN BAPTIST,≤100
473558703216022,Gabfest,Paul W Queen,≤100
28729603879,Food Bank of the Rockies,Food Bank of the Rockies,≤100
2023114331282570,Florida Daily,Florida Daily,≤100
302612457071883,Moving It Right,Richard P Ashton,≤100
153446658100252,Lumina Foundation,Lumina Foundation,≤100
461204744067686,Family Protection Association,Family Protection Association,≤100
95335385742,National Fish and Wildlife Foundation,NATIONAL FISH AND WILDLIFE FOUNDATION,≤100
354329797956187,The Catholic Association,"The Catholic Association, Inc",≤100
168367339845613,The Humane League,The Humane League,≤100
10498053716,Media Research Center,MEDIA RESEARCH CENTER,≤100
19036504767,Center for Victims of Torture,"CENTER FOR VICTIMS OF TORTURE, THE",≤100
113330620093147,Sunny for Congress,Suneetha Chaparala,≤100
87110919728,Rise Against Hunger,"RISE AGAINST HUNGER, INC.",≤100
6756153498,Mike Bloomberg,Mike Bloomberg 2020 Inc,≤100
43544576780,ASU Foundation,Arizona State University Foundation For A New American University,≤100
102894351190571,Dennis Bailey,Dennis Bailey Campaign,≤100
122571921086301,Jody Hice,Jody Hice for Congress,≤100
292018201259366,We Raise Foundation,WE RAISE FOUNDATION,≤100
1194865807192273,Conservative Gear,Outergoods LLC,≤100
2102809453136561,Term Limit Pledge,TermLimitPledge.Org,≤100
122112697803902,Stone Seed,Stone Seed,≤100
79820371749,Ayanna Pressley,THE COMMITTEE TO ELECT AYANNA PRESSLEY,≤100
348948148522246,MHB - Men Having Babies,"MEN HAVING BABIES, INC.",≤100
336809833805923,Clever 'n Funny,Snugbee,≤100
180861088663138,"The Citizens Foundation, USA","CITIZENS FOUNDATION USA, THE",≤100
435917576827538,Minnesotans for Line 3,Minnesotans for Line 3,≤100
960045850672105,One More Wave,Ernad Civic,≤100
160191644025128,Walton Family Foundation,WALTON FAMILY FOUNDATION INC,≤100
109583297211590,Daniel Mercuri for Congress 25th District California,Daniel Mercuri for Congress,≤100
260401648038890,Science101,Novelty Media,≤100
170918006892,G.I. Jobs,Victory Media DBA GI Jobs,≤100
197140993656754,Great Plains Food Bank,Great Plains Food Bank,≤100
100583918006300,Claire-ity,Harvester Road LLC,≤100
20059927218,Chesapeake Climate Action Network,"CHESAPEAKE CLIMATE ACTION NETWORK, INC.",≤100
166618413413767,Jay Sekulow,American Center for Law and Justice,≤100
87777747127,Greg Palast,Palast Investigative Fund,≤100
223315101050132,Waters Kraus & Paul,Waters Kraus & Paul,≤100
100562019990818,U.S. Term Limits,U.S. Term Limits Inc.,≤100
80987211775,Bill Cassidy,Bill Cassidy for US Senate,≤100
874662062886596,Sea Trees,Sustainable Surf,≤100
6231686654,Compassion International,"COMPASSION INTERNATIONAL, INCORPORATED",≤100
304750332920654,Carl DeMaio,CARL DEMAIO FOR CONGRESS,≤100
525171637666780,Sandy Piña California Delegate,RCR,≤100
118303441570966,Home Ownership Matters,NATIONAL ASSOCIATION OF REALTORS,≤100
127755494595870,Progressive Takeover,PROGRESSIVE TAKEOVER,≤100
128048377208732,Feeding South Dakota,Feeding South Dakota,≤100
306591716448427,Cindy Axne,CINDY AXNE FOR CONGRESS,≤100
510983808935302,Parker Hudson,Frank Parker Hudson Jr,≤100
171516669541491,Bright Hope,BRIGHT HOPE INTERNATIONAL,≤100
359933137438156,Nine Line Apparel,Nine Line Apparel,≤100
2459483887446034,Kristine Schanbacher,KRISTINE SCHANBACHER FOR CONGRESS,≤100
144850842237429,Independentvoting.org,Independent Voting (IndependentVoting.org),≤100
121750354532995,Yale Program on Climate Change Communication,Yale Program on Climate Change Communication,≤100
54684090291,Partnership for Drug-Free Kids,The National Center on Addiction and Substance Abuse with Facebook ad credits,≤100
230991440288731,American College of Obstetricians and Gynecologists - ACOG,"OBSTETRICIANS AND GYNECOLOGISTS, AMERICAN COLLEGE OF",≤100
1888806214722917,Erie County Anti-Stigma Coalition,Erie County Anti-Stigma Coalition,≤100
107334019308912,Olive Crest - USA,OLIVE CREST,≤100
854748721570632,A Second Opinion,Motus Creative Group,≤100
142957224352,International Medical Corps,International Medical Corps,≤100
112032985481195,TWU Local 100,TWU Local 100,≤100
122037065517,American Immigration Council,American Immigration Council,≤100
8473889271,National Parks Conservation Association,National Parks Conservation Association,≤100
407664862957433,Ammar Campa-Najjar for Congress,AMMAR CAMPA FOR CONGRESS,≤100
621668134518008,Global March for Elephants and Rhinos,Global March for Eles & Rhinos,≤100
100137754724934,Trump 2020 Supporters,Proud Right Winger,≤100
1787668898197816,Oklahoma Hospital Association,OKLAHOMA HOSPITAL ASSOCIATION,≤100
354369924642184,Bill Holt's Dreamies,William Holt,≤100
110909394960,Grameen Foundation,Grameen Foundation,≤100
10766391539,POZ Magazine,"CDM PUBLISHING, LLC",≤100
112703826851979,POTUS Wear,POTUS Wear,≤100
1677332715656166,Brad Boles for State House District 51,Friends of Brad Boles 2020,≤100
101507197884698,David Ray for AR House District 40,David Ray for State Representative,≤100
8914040942,Chesapeake Bay Foundation,"CHESAPEAKE BAY FOUNDATION, INC., THE",≤100
160264363992500,World Bicycle Relief,"WORLD BICYCLE RELIEF, NFP",≤100
1836138529938551,Greater Half,Billy Benson,≤100
689974648047487,Wudwurk,Wudwurk,≤100
302182941354,AARP Advocates,AARP,≤100
92925746942,Judicial Watch,Judicial Watch,≤100
117521968329803,The Talk On Main St,IT STARTS TODAY,≤100
281835005264380,Eric Swalwell,SWALWELL FOR CONGRESS,≤100
44667476574,In These Times,INSTITUTE FOR PUBLIC AFFAIRS,≤100
410143045995386,Patients for Affordable Drugs,Patients for Affordable Drugs Inc.,≤100
130268756992804,Yale Climate Connections,Yale Climate Connections,≤100
72931140459,Center for Biological Diversity,"CENTER FOR BIOLOGICAL DIVERSITY, INC.",≤100
13885075114,Action Against Hunger USA,ACTION AGAINST HUNGER - USA,≤100
73727120674,Rush University System for Health,Rush University System for Health,≤100
461530314600399,Common Sense American Politics,Common Sense American Politics,≤100
95135221781,Federal News Network,Federal News Network,≤100
25803945361,Family Equality,FAMILY EQUALITY COUNCIL,≤100
833845080319275,The Daily Patriot,Full Tilt Holdings LLC,≤100
54787697857,Ron Wyden,WYDEN FOR SENATE,≤100
145889928474,Greater Pittsburgh Community Food Bank,GREATER PITTSBURGH COMMUNITY FOOD BANK,≤100
103854021078878,Patriot Revolution,National Insiders,≤100
510680265702016,Crowned Free,Crowned Free,≤100
102592959026,Ocean Conservancy,"OCEAN CONSERVANCY, INC.",≤100
85273022315,NAMI,NAMI,≤100
167586229923327,World Food Program USA,World Food Program USA,≤100
337490192991981,Grabien,Grabien Inc,≤100
420424547981908,In Search of Liberty,Scott Dennis Welch,≤100
1039701332716228,Pete Buttigieg,"PETE FOR AMERICA, INC.",≤100
499379343409991,Impact Fund,"IMPACT FUND, THE",≤100
238008626268343,Israel365,Teach for Israel Inc,≤100
9538894955,John F. Kennedy Presidential Library and Museum,"John Fitzgerald Kennedy Library Foundation, Inc.",≤100
113676922032321,Larry Elder,Salem Media,≤100
112114435501106,Hugh Hewitt,Salem Media,≤100
1055873511190792,Hello Resistance,Hello Resistance Apparel,≤100
108970206976,World Vision USA,WORLD VISION INC.,≤100
971668776283950,PolicyEd,Hoover Institution,≤100
40973310753,Pathfinder International,Pathfinder International,≤100
18982436812,ACLU,American Civil Liberties Union,≤100
70795936969,Children International,CHILDREN INTERNATIONAL,≤100
1418907401547906,Rescü,"Rescu, LLC",≤100
5150088389,Lenny Kravitz,Louis George Pratt,≤100
133937690180,Student Conservation Association,Student Conservation Association,≤100
63240625785,National Immigration Forum,NATIONAL IMMIGRATION FORUM,≤100
113731336694,Goldwater Institute,"GOLDWATER INSTITUTE ,THE",≤100
108180596030668,Elizabeth Dole Foundation,Elizabeth Dole Foundation,≤100
210277954204,The Young Turks,"The Young Turks, Inc.",≤100
302111635698,National Association of Tax Professionals (NATP),National Association of Tax Professionals,≤100
983573491675080,Grace Meng,GRACE FOR NEW YORK,≤100
1690071827911682,Cleancult,cleancult,≤100
107199049318619,Friends of Derek Kilmer,PEOPLE FOR DEREK KILMER,≤100
139398939438430,Left Action,Left Action LLC,≤100
8492293163,Environmental Defense Fund,Environmental Defense Fund,≤100
8607847994,Iraq and Afghanistan Veterans of America,Iraq and Afghanistan Veterans of America,≤100
216072542406379,Guardians Of The Sea,Dean Samuel Broadwater,≤100
109054332793,Sojourners,SOJOURNERS,≤100
112072710126314,Heidi Sloan,HEIDI SLOAN COMMITTEE TO ELECT FOR CONGRESS,≤100
119239224825173,Define American,Define American,≤100
157402764294444,"Union Mission Ministries, Norfolk","UNION MISSION INC, THE",≤100
551158678560402,Epimonia,Epimonia LLC,≤100
21375324480,The Heritage Foundation,HERITAGE FOUNDATION (THE),≤100
49414386380,Ilegal Mezcal,Ilegal Mezcal,≤100
115484053157746,The Two Minute Take,The Two Minute Take,≤100
102377984581168,A Democrat in the Wilderness,Emmanuel Fourakis,≤100
50714237985,The Rutherford Institute,RUTHERFORD INSTITUTE,≤100
1374134752633656,New Health Plans,Shop Insurance Plans,≤100
304062610300415,VozWire,Gregson E Mathe,≤100
107107693152888,Anthropocene Alliance,ANTHROPOCENE ALLIANCE,≤100
157277400862,The Bell Policy Center,BELL POLICY CENTER,≤100
591410131304929,Congressman John Joyce,Congressman John Joyce,≤100
1784991421516214,Seek Refuge,Seek Refuge,≤100
104621190907499,Amazing Schwag,Chad David Howarth,≤100
1836138529938551,Greater Half,Greater Half,≤100
151177188227216,Feeding Children Everywhere,Feeding Children Everywhere,≤100
2099448153445994,Students for Life Action,"STUDENTS FOR LIFE OF AMERICA, INC.",≤100
108777231824,Manhattan Institute for Policy Research,MANHATTAN INSTITUTE FOR POLICY RESEARCH INC,≤100
157506044955437,The Andrew W. Mellon Foundation,"ANDREW W. MELLON FOUNDATION, THE",≤100
1210101199161467,Real Maine Facts,Samuel I Katz,≤100
287031428106870,Chad Benson Show,The Chad Show,≤100
58158120046,ACLJ,American Center for Law and Justice,≤100
366557424156576,Lifelinz 4ever,James Cecil Wear,≤100
1997948090437271,Global Emergency Response Coalition,Global Impact,≤100
159964696102,Kevin McCarthy,KEVIN MCCARTHY FOR CONGRESS,≤100
791543660926838,"I'll go ahead and keep my guns, Thanks",2A4LIFE LLC,≤100
292239232663,Children's HopeChest,CHILDRENS HOPECHEST,≤100
293225127381200,Patriot Depot,The Patriot Depot,≤100
80668957414,GoSili,SiliKids Inc.,≤100
294879797332635,Debbie Dingell,DEBBIE DINGELL FOR CONGRESS,≤100
2109637279297531,The Bad Seed,Adam Kidron,≤100
202071006601223,The Good Party,"GOOD PARTY, INC.",≤100
398928840757250,T2020,Passion Jewelry Shop LLC,≤100
6787988478,Physicians for Human Rights,"PHYSICIANS FOR HUMAN RIGHTS, INC.",≤100
949729828414777,Respect The Fin,Respect The Fin,≤100
15503839732,Peter G. Peterson Foundation,Peter G. Peterson Foundation,≤100
328853823844484,Balance of Power,Balance of Power,≤100
1955471264486935,The Colorado Sun,The Colorado Sun,≤100
819942484773775,Tax Sale Blueprint,Bob Diamond,≤100
109232760538998,Care For Our Earth,Care For Our Earth,≤100
111878990214714,Trent Sutton,Sutton for Congress,≤100
73277646827,Trees for the Future,Trees for the Future,≤100
1869687273277265,Run for Something,Run For Something PAC,≤100
172783160290727,New Civil Liberties Alliance,NEW CIVIL LIBERTIES ALLIANCE,≤100
546497545399440,ASEC - African Sisters Education Collaborative,African Sisters Education Collaborative (ASEC),≤100
94383715886,Metro,Metro,≤100
887894034942767,Woodward for Judge,Woodward for Judge,≤100
110316380149,Family Policy Alliance,Family Policy Alliance,≤100
1896018690436031,U.S. Mail Not For Sale,AMERICAN POSTAL WORKERS UNION,≤100
384557995468219,Viral Casez,Viral Casez,≤100
17432811417,Working Families Party,Working Families Party,≤100
1438882392887793,ADF Church Alliance,Alliance Defending Freedom,≤100
37461287798,Jesuit Refugee Service/USA,JESUIT REFUGEE SERVICE USA,≤100
745910525468062,National Center on Sexual Exploitation,National Center on Sexual Exploitation,≤100
38235851310,USA for UNHCR,UNITED STATES ASSOCIATION FOR UNHCR,≤100
518194348194441,RepresentUs,RepresentUs,≤100
97466887664,Innocence Project,"INNOCENCE PROJECT, INC., THE",≤100
25852730092,Care2,Care2 Inc,≤100
1109093812491437,Blaze Media,Blaze Media LLC,≤100
657708380952174,Voices of the Civil Rights Movement,Comcast,≤100
77790954801,Salesian Missions,Salesian Missions,≤100
361558330642296,Free the People,Free the People,≤100
303374266418976,AFPM,American Fuel & Petrochemical Manufacturers,≤100
46785153750,National Fair Housing Alliance,National Fair Housing Alliance,≤100
57495285387,Michael Bennet,BENNET FOR AMERICA,≤100
107048879341165,Greater Little Mountain Coalition,Theodore Roosevelt Conservation Partnership,≤100
250400398869733,FreedomFirst Entertainment,FreedomFirst Entertainment,≤100
342006339184405,National Children's Alliance,NATIONAL CHILDRENS ALLIANCE INC,≤100
46347342434,EMILY's List,EMILY'S LIST,≤100
103794891094099,Sam Nejabat for City Council,Sam Nejabat for City Council 2020,≤100
135403221037,City Journal,City Journal,≤100
487569614682924,CAPP USA,Yellow Line Productions LLC,≤100
290851614930809,Combat AntiSemitism,Combat Anti-Semitism,≤100
212677670907,American Constitution Society,AMERICAN CONSTITUTION SOCIETY,≤100
78299858970,Houston Humane Society,Houston Humane Society,≤100
700941689954518,Defend Our Future,Defend Our Future,≤100
113139700106608,Should be in Canada 2,Sandra Tabacinic,≤100
24330467048,Americans for Prosperity,AMERICANS FOR PROSPERITY,≤100
42940254353,Human Rights Watch,"HUMAN RIGHTS WATCH, INC.",≤100
243498882520314,FoodFinder,"FOODFINDER, INC.",≤100
711478725532801,Civiqs,Civiqs,≤100
36872302227,Cory Booker,CORY 2020,≤100
466164103423147,Thorn,Thorn with Facebook Ad Credits,≤100
201956993160690,MRCTV,MEDIA RESEARCH CENTER,≤100
627951147293090,FatFinger,Fat Finger LLC,≤100
35169196082,Project HOPE,"PROJECT HOPE-THE PEOPLE-TO-PEOPLE HEALTH FOUNDATION, INC.",≤100
100782758062291,Bernie Sanders Beanie,Stephen Alan Twyman,≤100
106392084148244,Sarah Miller,Michael Todd Powell,≤100
105023768642,U.S. Chamber Institute for Legal Reform,US Chamber Institute for Legal Reform,≤100
12692955711,Chronicle of Higher Education,"CHRONICLE OF HIGHER EDUCATION, INC. (THE)",≤100
628891490457484,Nancy Mace,Nancy Mace for Congress,≤100
103803147648868,Nifty Blends,Nifty Blends,≤100
181813995726,Avalara,"AVALARA, INC.",≤100
173380886407461,Team Amash,JUSTIN AMASH FOR CONGRESS,≤100
147126507164,ACTwireless,ACTwireless,≤100
967055460165792,Maverick Doctor,Avishai Osher White,≤100
110351637114381,US Homeowners Savings,Mimi Bonny Nguyen,≤100
1615018905412860,Progressive Turnout Project,PROGRESSIVE TURNOUT PROJECT,≤100
374848446414965,Pollking,Benjamin Aaron Perlman,≤100
1050320055029012,Outrider Foundation,OUTRIDER FOUNDATION,≤100
83290028957,Care Net,CARE NET,≤100
1947204578916961,Kionne McGhee,"Kionne McGhee, Non-Partisan, for Miami-Dade County Commissioner District 9",≤100
2323471027903589,Million Moms With an Olive Branch,Bridging Minds,≤100
1306330389478264,Enbridge Line 3,Enbridge Inc.,≤100
681834171951933,Department of Human Dimensions of Natural Resources at Colorado State,Department of Human Dimensions of Natural Resources – Colorado State University,≤100
1701899883357807,Seed Your Future,Seed Your Future,≤100
162695894106234,Co-ops Vote,National Rural Electric Cooperative Association,≤100
1118677698164230,Meli Wraps,Jaime Ella Harmon,≤100
1311291038982513,Trump 2020 Gear,Teecreations LLC,≤100
661744180680367,National Police Association,"NATIONAL POLICE ASSOCIATION, INC.",≤100
598720023670599,Delegate Jennifer Carroll Foy,Jennifer Carroll Foy for Delegate,≤100
37892661587,JDC,JDC,≤100
262138411622,Faces of Lawsuit Abuse,US Chamber Institute for Legal Reform,≤100
90498769709,Edenpure,EdenPURE®,≤100
18813753280,Human Rights Campaign,"HUMAN RIGHTS CAMPAIGN, INC.",≤100
1925751504337881,MJ for Texas,MJ FOR TEXAS,≤100
136648983036109,CommonBond Communities,COMMONBOND COMMUNITIES,≤100
21455818797,Feed the Children,"FEED THE CHILDREN, INC.",≤100
1397799040234106,OpinionUP,OpinionUP LLC,≤100
270141236661276,Send Relief,Send Relief,≤100
107769029247935,Magee-Womens Research Institute & Foundation,Magee-Womens Research Institute & Foundation,≤100
104188284328588,US Polling Research,US Polling Research LLC,≤100
42249842091,HostGator,These ads ran without a disclaimer,≤100
125769584126996,Yael Eckstein,"INTERNATIONAL FELLOWSHIP OF CHRISTIANS & JEWS, INC.",≤100
566008736785269,Be Heard Project,Be Heard Project,≤100
104523977720056,Savvy Market Picks,Savvy Market Picks,≤100
1388990814610248,John Gentry Candidate for State Senate,Candidate for State Senate John Gentry,≤100
116907753042353,TOL,Serdar Turan,≤100
133722794545,Generosity.org,Brandon Edward Mcrae,≤100
9062006483,REI,"RECREATIONAL EQUIPMENT, INC.",≤100
89324781720,Pat Toomey,Friends of Pat Toomey,≤100
192771954102960,Jordan Sekulow,American Center for Law and Justice,≤100
162493793737,Rick Green,Richard Arlin Green,≤100
59543893235,National Constitution Center,National Constitution Center,≤100
125659792217847,Ocean Craft Apparel,Anna Grace Brown,≤100
1531214650424631,Breathe California of Los Angeles County,BREATHE CALIFORNIA OF LOS ANGELES COUNTY,≤100
336142233246524,Rice Love,Rice Love,≤100
112513470189608,American Hot Gear,Ad Hive,≤100
2317264024972785,New American Populist,The New American Populist,≤100
29727753421,New Jersey Education Association,NEW JERSEY EDUCATION ASSOCIATION,≤100
11111618026,Union of Concerned Scientists,"UNION OF CONCERNED SCIENTISTS, INC.",≤100
515224855346579,New Politics,New Politics,≤100
101018071405012,Benefits USA,Dollar Informer,≤100
103717967678158,Support The 2nd,Support The 2nd,≤100
1020951917927616,GRRRL Clothing,Kortney Kay Olson,≤100
332172544231683,America's Plastic Makers,"AMERICAN CHEMISTRY COUNCIL, INC.",≤100
122773549121265,Nominate President Trump for Nobel Peace Prize,Tarek None Kteleh,≤100
443908256041631,Free the States,Free the States Action Fund,≤100
1316372698453411,Alexandria Ocasio-Cortez,ALEXANDRIA OCASIO-CORTEZ FOR CONGRESS,≤100
36987752239,The Reporters Committee for Freedom of the Press,Reporters Committee for Freedom of the Press with Facebook Ad Credits,≤100
6985452607,Brita USA,The Clorox Company,≤100
96710501132,Eurasia Group,"EURASIA GROUP, LTD.",≤100
8321461609,MomsRising.org,MomsRising Together,≤100
194798557218627,AARP Wyoming,AARP,≤100
203197030603239,8 Billion Trees,8 Billion Trees LLC,≤100
981661448510937,Meraki Journey,Meraki Bracelets,≤100
1439441369620638,Grow Louisiana Coalition,Grow Louisiana Coalition,≤100
139599847972,National Nurses United,National Nurses United,≤100
537571419599372,John Catsimatidis,Cats Roundtable,≤100
13759741267,Sesame Workshop,Sesame Workshop,≤100
34362997676,United States Holocaust Memorial Museum,UNITED STATES HOLOCAUST MEMORIAL MUSEUM,≤100
102860661680,Quetico Superior Wilderness News,Quetico Superior Foundation,≤100
1290536624348001,Informed Immigrant,FWD.us Education Fund,≤100
281844617168,Jewish Voice Ministries International,JEWISH VOICE MINISTRIES INTERNATIONAL,≤100
1623461074577166,Collector's Corner USA,Howard James Smith,≤100
1470151473238140,Save the Boundary Waters,Northeastern MInnesotans for Wilderness,≤100
23516382545,B Corporation,B LAB COMPANY,≤100
100244794753436,The Liegnitz Plot,Howard Mark Mauskopf,≤100
23489729942,Mike Gallagher,Salem Media,≤100
112469786315,Boise Rescue Mission Ministries,BOISE RESCUE MISSION,≤100
116748296398796,American Savings,Rachael Anne Ginzel,≤100
117580534956446,Kellogg's Frosted Flakes,Kellogg Company,≤100
8325302025,Friends of the Earth U.S.,Friends of the Earth,≤100
79125112926,Students for Life of America,"STUDENTS FOR LIFE OF AMERICA, INC.",≤100
135002490472474,Conor Lamb,CONOR LAMB FOR CONGRESS,≤100
339666813315651,Howie Hawkins 2020,HOWIE HAWKINS 2020,≤100
237367506369,Texas Children's Hospital,Texas Children's Hospital,≤100
108974462561,Freddie Mac,Freddie Mac Multifamily,≤100
1374134752633656,New Health Plans,Kevin George Cerula,≤100
424443217623488,Clarion Project,Clarion Project,≤100
107888314009005,Earrings for Hearing,Earrings For Hearing,≤100
746938465317981,Nuclear Matters,Nuclear Matters,≤100
635850443292528,Nasty Woman Coloring,Nasty Woman Coloring,≤100
110468488981853,UNRWA USA,UNRWA USA,≤100
362628781134387,Medicines360,"JONES PUBLIC AFFAIRS, INC.",≤100
511235549007985,PRJKT RUBY,PRJKT RUBY,≤100
393932827634250,Dissent Pins,Common Practice,≤100
216052228433696,Arcus Foundation - Social Justice,ARCUS FOUNDATION,≤100
2114015665342593,DO YOU HAVE A GREEN CARD?,Cheng Hsiang Chou,≤100
105211030887033,Janet for Congress,JANET BARRESI FOR CONGRESS,≤100
193124057765221,Vivid Conscience,These ads ran without a disclaimer,≤100
9324910069,NRSC,NRSC,≤100
545775132233909,The Late Show with Stephen Colbert,These ads ran without a disclaimer,≤100
67180895597,National Shrine of St. Jude,The National Shrine of St. Jude,≤100
49651563727,Live Action,Live Action,≤100
112600915451330,No Labels,No Labels,≤100
1389807071117013,Lynn Afendoulis,Lynn Afendoulis for Congress,≤100
2189265054726827,Liberty Tee Shop,www.libertyteeshop.com,≤100
246193508902973,cut50,Dream Corps,≤100
405469100189512,Still My President - Donald Trump,Red State Politics LLC,≤100
164009890287891,Becket,"BECKET FUND, THE",≤100
106074810746613,Enhanced Clinical Nutrition,Enhanced Clinical Nutrition,≤100
105229062888132,Stop Soldier Suicide,Stop Soldier Suicide,≤100
140438538925,Penguin Press,Penguin Random House LLC,≤100
89585789925,Pasadena Humane Society & SPCA,Pasadena Humane Society & SPCA,≤100
513785465632396,Airline Passengers for Justice,Airline Passengers for Justice,≤100
136126341809,American Bird Conservancy,American Bird Conservancy,≤100
46196975437,Children's Rights,"CHILDREN'S RIGHTS, INC.",≤100
340583536575643,Shawn Terry for Texas HD108,Shawn for Texas,≤100
362070734130110,Give Trump A Chance,David Slossberg,≤100
111970730196550,World War Zero,AMERICAN SECURITY PROJECT,≤100
193477921051,Oregon Family Council,"OREGON FAMILY COUNCIL, INC.",≤100
322728757761954,Victor Marx,All Things Possible,≤100
153080620724,Donald J. Trump,"DONALD J. TRUMP FOR PRESIDENT, INC.",≤100
2076135989350743,Blue Tsunami Challenge,Thomas Lee Pullum,≤100
17911165812,Covenant House International,Covenant House,≤100
33532222308,WILD Foundation,"INTERNATIONAL WILDERNESS LEADERSHIP (WILD) FOUNDATION, INC. THE",≤100
154085558004487,GopLogo,Michael Merrick Crooks,≤100
1764680377156652,Trumpy Bear,EXCEPTIONAL PRODUCTS INC,≤100
339536359931816,Innovature Now,Innovature,≤100
1682876188698809,United for Respect,United for Respect,≤100
1824503584434809,I Vaccinate,Michigan Department of Health and Human Services,≤100
12301006942,Democratic Party,DNC SERVICES CORP./DEM. NAT'L COMMITTEE,≤100
309798029121030,Everytown for Gun Safety,Everytown for Gun Safety Action Fund Inc,≤100
260366367717440,Committee to Protect Medicare,Committee to Protect Medicare and the Affordable Care Act,≤100
40102638699,J Street,J STREET INC,≤100
32507971987,National Center for Missing & Exploited Children,These ads ran without a disclaimer,≤100
330864807292568,Strong Family Alliance,Strong Family Alliance,≤100
320738328865866,Arati Kreibich for Congress NJ5,Arati for Congress and Progressive Change Campaign Committee,≤100
134571176638205,One Tree Planted,One Tree Planted,≤100
194386147247266,Nicole Millman Photography,Nicole Janelle Millman,≤100
85252863415,National Latina Institute for Reproductive Health,NATIONAL LATINA INSTITUTE FOR REPRODUCTIVE HEALTH,≤100
240867803449655,The Healthy Vegan,Sai Shivaji Dhiraj Suri,≤100
140614202619821,iCivics,iCivics,≤100
36474716066,Color Of Change,COLOROFCHANGE.ORG,≤100
27139120832,Advancing Native Missions,Advancing Native Missions,≤100
7890108747,Conservation Northwest,CONSERVATION NW,≤100
23954995487,FoodPrint,Foodprint,≤100
6766783198,John Carter,JOHN CARTER FOR CONGRESS,≤100
118778888148007,Marion Polk Food Share,"MARION-POLK FOOD SHARE, INC",≤100
151033324940505,The Cruise & Vacation Authority,Mathew Steele Barnard,≤100
142533719528687,Unitas,Steven Bryant Page,≤100
111302790375402,Jesus Quintana,These ads ran without a disclaimer,≤100
14226615647,People For the American Way,People For the American Way,≤100
6165653060,AFSCME,AMERICAN FEDERATION OF STATE COUNTY & MUNICIPAL EMPLOYEES,≤100
105060269781,Premiere Collectibles,"Premiere Marketing, Inc.",≤100
438536186881177,All Clear Foundation,All Clear Foundation,≤100
90107797870,Houston Food Bank,"HOUSTON FOOD BANK, THE",≤100
284357831978321,Clint Imboden Assemblage,These ads ran without a disclaimer,≤100
158020364262665,Dominion Energy,Dominion Energy,≤100
624872801004570,Give a Child a Voice - Eric Erdman,Miguel Dacosta,≤100
66799564552,The Idaho Foodbank,"IDAHO FOODBANK WAREHOUSE, INC.",≤100
11602044174,Independent Women's Forum,Independent Women's Forum,≤100
533347293669517,Great American Era,Great American Era,≤100
85569513068,International Planned Parenthood Federation/Western Hemisphere Region,International Planned Parenthood Federation/Western Hemisphere Region,≤100﻿145546662234642,American Energy Alliance,American Energy Alliance,≤100
109637125764343,Population Connection,Population Connection,≤100
7292655492,MoveOn,MOVEON.ORG CIVIC ACTION,≤100
131946957381443,Public Lands Conservancy,Public Lands Conservancy,≤100
958434844174956,Campaign for Accountability,CAMPAIGN FOR ACCOUNTABILITY INC,≤100
2338702743040871,Exodus Stories,Howard Mark Mauskopf,≤100
168452723312821,Chisholm Chisholm & Kilpatrick LTD,Chisholm Chisholm & Kilpatrick LTD,≤100
1747132688647028,Democratic Association of Secretaries of State,Democratic Association of Secretaries of State,≤100
67011831040,Canon Press,Canon Press,≤100
1585761838387907,Unity College Online,Unity College,≤100
1679521432262834,Physicians Grassroots Network,American Medical Association,≤100
132732160104163,Ford Foundation,"FORD FOUNDATION, THE",≤100
8047221596,Save the Children US,"SAVE THE CHILDREN FEDERATION, INC.",≤100
303060840551495,Congressman Steve Watkins,Congressman Steve Watkins,≤100
307943569254319,Florida Rights Restoration Coalition,Florida Rights Restoration Coalition,≤100
1441722672744792,Their Turn,TheirTurn,≤100
19463427992,Darrell Issa,DARRELL ISSA FOR CONGRESS,≤100
102909941095087,Stop Biased Banking,Center for Freedom and Prosperity,≤100
169034376562081,Valley Air District,San Joaquin Valley Air Pollution Control District,≤100
212464129085611,Pacific Garden Mission,PACIFIC GARDEN MISSION,≤100
919115438185820,George J. Chanos,George Chanos Chanos,≤100
115617711783870,Center for Union Facts,CENTER FOR UNION FACTS,≤100
38882699096,Polaris,POLARIS PROJECT,≤100
238473269650980,Capital & Main,CAPITAL & MAIN,≤100
284946111858895,Debbie Mucarsel-Powell,DEBBIE FOR CONGRESS,≤100
97261063097,Global Fund for Women,"GLOBAL FUND FOR WOMEN, INC., THE",≤100
967449813380430,Newsvoice,Newsvoice,≤100
10150100007820094,Wendy Davis,WENDY DAVIS FOR CONGRESS,≤100
654470874584798,Save The Inventor,Innovation Alliance,≤100
101580094659577,Eff Yo Couch Cast,Jared H Foles,≤100
717417908274761,Lady Freethinker,Lady Freethinker,≤100
44441577741,Lincoln Park Zoo,"LINCOLN PARK ZOOLOGICAL SOCIETY, THE",≤100
198923770576,Annie Kuster,"KUSTER FOR CONGRESS, INC",≤100
841825669186798,Kevin Ruane,Kevin Ruane Campaign,≤100
112325855474892,Speak Up For Education and Kids,National Education Association,≤100
598924810530984,Keeping America Great,FamTeeWorld,≤100
13536897444,Corporate Accountability,Corporate Accountability International,≤100
357251385085313,Alliance to End Plastic Waste,Alliance To End Plastic Waste,≤100
85452072376,Newsmax,Newsmax Media,≤100
262905633727,Los Angeles Mission,"Los Angeles Mission, Inc.",≤100
2477934522257579,U Decide App,Karen Neicy Holbrook,≤100
114714470495,National Society of Professional Engineers (NSPE),NATIONAL SOCIETY OF PROFESSIONAL ENGINEERS,≤100
73528878871,Center for Reproductive Rights,Center for Reproductive Rights,≤100
109259090549237,Yes on National Popular Vote,YES ON NATIONAL POPULAR VOTE,≤100
872842866161157,One Nation Design,One Nation Design,≤100
15771560300,Earthjustice,EARTHJUSTICE,≤100
594519783957655,Citizens for National Security,Citizens For National Security,≤100
182658925089088,FINCA,"FINCA INTERNATIONAL, INC.",≤100
186203821400055,Sophie's Kitchen - Gourmet Plant-based Seafood,Sophie's Kitchen Inc.,≤100
14084625156,Susan G. Komen,Susan G. Komen,≤100
100822738050183,Trump Star 2020,Greek Steel LLC,≤100
242960515598,Military Spouse,Victory Media DBA Military Spouse,≤100
124358167232,Western Environmental Law Center,WESTERN ENVIRONMENTAL LAW CENTER,≤100
223439555209422,My Hero Wears Blue Store,Thanh Hai None Hoang,≤100
1799282383731277,TwoSeventy,Alexander Jared Deutsch,≤100
799816320039618,Douche Bag Tees,Matthew Dowd Mack,≤100
387028015007642,Colorado Citizens Coalition,Colorado Citizens Coalition,≤100
322870825821,Macmillan Audio,Dakota Cohen,≤100
602074469965571,Plan C,NATIONAL WOMENS HEALTH NETWORK,≤100
212933805686,Because International,Because International Corp,≤100
213792049451918,Stand For America Now,Stand For America Inc,≤100
10150096009920008,Pro-Life Action League,PRO LIFE ACTION LEAGUE,≤100
19219803864,Tax Foundation,TAX FOUNDATION,≤100
173837496125511,Conscious Step,Conscious Step,≤100
109795371069,Community Action Services and Food Bank,"COMMUNITY ACTION SERVICES AND FOOD BANK, INC.",≤100
44224524016,American Kidney Fund,"AMERICAN KIDNEY FUND, INC.",≤100
120393112689694,Super Agents Safety Squad,Denize Moraes Rodriques,≤100
201446296572389,Compassion in World Farming (USA),Compassion In World Farming,≤100
665751070556235,Captain Holland Jones for Fort Bend County Sheriff,Holland Jones Democratic-Campaign,≤100
1927977257228284,Jack Murphy,I Love My Freedom,≤100
341881063685,"Imprimis, a Publication of Hillsdale College",HILLSDALE COLLEGE,≤100
298920260604,American Heart Association - Nebraska,American Heart Association,≤100
169277310432049,"Texas Precision Optics, Inc.",Texas Precision Optics Inc,≤100
8524198486,Physicians Committee for Responsible Medicine,"PHYSICIANS COMMITTEE FOR RESPONSIBLE MEDICINE, INC.",≤100
109200595768753,The Christian Left,The Christian Left,≤100
405355946226766,Todd Young,"FRIENDS OF TODD YOUNG, INC.",≤100
384336778589668,Defend Our Constitution,COMMON CAUSE,≤100
330201017032791,National Liberty Federation,National Liberty Federation INC,≤100
28126338304,Surfrider Foundation,These ads ran without a disclaimer,≤100
153278754738777,Climate Reality,The Climate Reality Project,≤100
458142697588014,AARP Public Policy Institute,AARP,≤100
150322194563,PASA Primates: Pan African Sanctuary Alliance,PAN AFRICAN SANCTUARIES ALLIANCE,≤100
385473284886474,Hillsdale College,HILLSDALE COLLEGE,≤100
76025018070,San Francisco-Marin Food Bank,San Francisco-Marin Food Bank,≤100
101146224668949,Trump 2020 - Keep America Great,Thanh Hai None Hoang,≤100
348856535576675,Legends of the Desert,William Michael Farmer,≤100
100935474627180,Lisa Savage for US Senate,LISAFORMAINE,≤100
97624620788,American Friends of Magen David Adom,AMERICAN FRIENDS OF MAGEN DAVID ADOM,≤100
30708742052,FCTRY,FCTRY,≤100
109822822413301,Myler Disability,"BRAD MYLER & ASSOCIATES, INC.",≤100
232201568659,Pacific Justice Institute,Linda Carol Losey,≤100
1449461518652183,4Patriots,4Patriots LLC,≤100
136299005939,Heifer International,HEIFER PROJECT INTERNATIONAL,≤100
194079794553700,Invested Interests,Invested Interests,≤100
571182609571332,NextGen America,NEXTGEN CLIMATE ACTION COMMITTEE,≤100
508433235840691,Minnesota Bio-Fuels Association,"The Minnesota Bio-Fuels Association, Inc",≤100
608896929582416,Kali Barnett for Kansas,Kali for Kansas,≤100
268311603350722,The American Independent,The American Independent,≤100
377866342810303,SAM Wyoming,SAM Action,≤100
59386210330,American Lung Association,AMERICAN LUNG ASSOCIATION,≤100
297281494147774,Good Morning Liberty Podcast,Good Morning Liberty,≤100
7606381190,Amy Klobuchar,AMY FOR AMERICA,≤100
115371986580371,EllipsisWit,EllipsisWit,≤100
506710966109974,Mandeville For Montana,Mandeville For Montana,≤100
161879897191723,EarthX,EarthX,≤100
179042532903649,Cindy Hyde-Smith,Cindy Hyde Smith for US Senate,≤100
456966364681704,Winning For Women,Winning for Women,≤100
2353537341582545,Unicorn Politics,"Unicorn Wealth, LLC",≤100
28889108258,Gospel for Asia,"GOSPEL FOR ASIA, INC.",≤100
1745236555735695,EverBright Kids,EverBright Kids,≤100
159085947564255,American Sugar Alliance,American Sugar Alliance,≤100
1640970822834351,Plaine Products,Plaine Products,≤100
60182072999,Lila Rose,Live Action,≤100
181924628560212,SumOfUs,SumOfUs,≤100
103376804451432,Trending Politics,I Love My Freedom,≤100
266145305529,Henry Holt,"Macmillan Holdings, LLC",≤100
400013980059152,Coworker.org,Coworker.org,≤100
1605412069682308,Divinity LA,These ads ran without a disclaimer,≤100
112838530095440,National Hobby Month,These ads ran without a disclaimer,≤100